cust_id,cust_fullname,cust_username,wish_title,no_items
5,Chelsey Dietrich,Kamren,ea voluptates maiores eos accusantium officiis tempore mollitia consequatur,1
5,Chelsey Dietrich,Kamren,aperiam doloremque nihil,1
5,Chelsey Dietrich,Kamren,tenetur quos ea unde est enim corrupti qui,3
5,Chelsey Dietrich,Kamren,molestiae voluptate non,3
5,Chelsey Dietrich,Kamren,temporibus molestiae aut,1
5,Chelsey Dietrich,Kamren,modi consequatur culpa aut quam soluta alias perspiciatis laudantium,3
5,Chelsey Dietrich,Kamren,sed qui sed quas sit ducimus dolor,1
10,Clementina DuBuque,Moriah.Stanton,nisi qui dolores perspiciatis,1
10,Clementina DuBuque,Moriah.Stanton,incidunt et et eligendi assumenda soluta quia recusandae,2
10,Clementina DuBuque,Moriah.Stanton,quisquam a dolores et earum vitae,4
10,Clementina DuBuque,Moriah.Stanton,consectetur vel rerum qui aperiam modi eos aspernatur ipsa,2
10,Clementina DuBuque,Moriah.Stanton,est quod aut,4
10,Clementina DuBuque,Moriah.Stanton,omnis quia possimus nesciunt deleniti assumenda sed autem,1
10,Clementina DuBuque,Moriah.Stanton,consectetur ut id impedit dolores sit ad ex aut,3
10,Clementina DuBuque,Moriah.Stanton,repellendus praesentium debitis officiis,4
3,Clementine Bauch,Samantha,repudiandae voluptatem optio est consequatur rem in temporibus et,4
3,Clementine Bauch,Samantha,vero maxime id possimus sunt neque et consequatur,1
3,Clementine Bauch,Samantha,et rem non provident vel ut,3
3,Clementine Bauch,Samantha,incidunt quisquam hic adipisci sequi,2
3,Clementine Bauch,Samantha,dolores ut et facere placeat,1
3,Clementine Bauch,Samantha,quibusdam saepe ipsa vel harum,4
3,Clementine Bauch,Samantha,id non nostrum expedita,3
3,Clementine Bauch,Samantha,omnis neque exercitationem sed dolor atque maxime aut cum,4
3,Clementine Bauch,Samantha,inventore ut quasi magnam itaque est fugit,3
3,Clementine Bauch,Samantha,tempora assumenda et similique odit distinctio error,2
2,Ervin Howell,Antonette,quam nostrum impedit mollitia quod et dolor,2
2,Ervin Howell,Antonette,nesciunt quia et doloremque,2
2,Ervin Howell,Antonette,aut minima voluptatem ut velit,4
2,Ervin Howell,Antonette,voluptatem aut maxime inventore autem magnam atque repellat,5
2,Ervin Howell,Antonette,ut pariatur rerum ipsum natus repellendus praesentium,1
2,Ervin Howell,Antonette,ab rerum non rerum consequatur ut ea unde,5
2,Ervin Howell,Antonette,consequatur autem doloribus natus consectetur,2
2,Ervin Howell,Antonette,voluptas rerum iure ut enim,2
9,Glenna Reichert,Delphine,sit optio id voluptatem est eum et,6
9,Glenna Reichert,Delphine,aut aut architecto,5
9,Glenna Reichert,Delphine,quibusdam sapiente et,1
9,Glenna Reichert,Delphine,recusandae consequatur vel amet unde,3
9,Glenna Reichert,Delphine,aperiam odio fugiat,4
9,Glenna Reichert,Delphine,est et at eos expedita,4
9,Glenna Reichert,Delphine,qui voluptatem consequatur aut ab quis temporibus praesentium,5
9,Glenna Reichert,Delphine,eligendi mollitia alias aspernatur vel ut iusto,4
9,Glenna Reichert,Delphine,quas perspiciatis optio,1
7,Kurtis Weissnat,Elwyn.Skiles,velit est quam,3
7,Kurtis Weissnat,Elwyn.Skiles,velit sed quia dolor dolores delectus,2
7,Kurtis Weissnat,Elwyn.Skiles,ad voluptas nostrum et nihil,5
7,Kurtis Weissnat,Elwyn.Skiles,qui quasi nihil aut voluptatum sit dolore minima,4
7,Kurtis Weissnat,Elwyn.Skiles,qui aut est,2
7,Kurtis Weissnat,Elwyn.Skiles,et deleniti unde,2
7,Kurtis Weissnat,Elwyn.Skiles,delectus iusto et,4
7,Kurtis Weissnat,Elwyn.Skiles,eos ea non recusandae iste ut quasi,3
7,Kurtis Weissnat,Elwyn.Skiles,voluptates delectus iure iste qui,4
1,Leanne Graham,Bret,non esse culpa molestiae omnis sed optio,1
1,Leanne Graham,Bret,eaque aut omnis a,1
1,Leanne Graham,Bret,natus impedit quibusdam illo est,5
1,Leanne Graham,Bret,quibusdam autem aliquid et et quia,6
1,Leanne Graham,Bret,omnis laborum odio,2
1,Leanne Graham,Bret,distinctio laborum qui,4
1,Leanne Graham,Bret,quidem molestiae enim,4
1,Leanne Graham,Bret,saepe unde necessitatibus rem,1
6,Mrs. Dennis Schulist,Leopoldo_Corkery,libero excepturi voluptatem est architecto quae voluptatum officia tempora,1
6,Mrs. Dennis Schulist,Leopoldo_Corkery,omnis qui maiores tempora officiis omnis rerum sed repellat,3
6,Mrs. Dennis Schulist,Leopoldo_Corkery,necessitatibus quas et sunt at voluptatem,4
6,Mrs. Dennis Schulist,Leopoldo_Corkery,aut non illo amet perferendis,2
6,Mrs. Dennis Schulist,Leopoldo_Corkery,nulla illo consequatur aspernatur veritatis aut error delectus et,2
6,Mrs. Dennis Schulist,Leopoldo_Corkery,eligendi similique provident nihil,3
6,Mrs. Dennis Schulist,Leopoldo_Corkery,omnis mollitia sunt aliquid eum consequatur fugit minus laudantium,3
6,Mrs. Dennis Schulist,Leopoldo_Corkery,est vel sequi voluptatem nemo quam molestiae modi enim,1
6,Mrs. Dennis Schulist,Leopoldo_Corkery,odit laboriosam sint quia cupiditate animi quis,6
8,Nicholas Runolfsdottir V,Maxime_Nienow,dolorem magnam facere itaque ut reprehenderit tenetur corrupti,1
8,Nicholas Runolfsdottir V,Maxime_Nienow,unde exercitationem ut,5
8,Nicholas Runolfsdottir V,Maxime_Nienow,quos omnis officia,3
8,Nicholas Runolfsdottir V,Maxime_Nienow,quia est eius vitae dolor,2
8,Nicholas Runolfsdottir V,Maxime_Nienow,aut quia expedita non,2
8,Nicholas Runolfsdottir V,Maxime_Nienow,et vel corporis,4
8,Nicholas Runolfsdottir V,Maxime_Nienow,est minima eius possimus ea ratione velit et,3
8,Nicholas Runolfsdottir V,Maxime_Nienow,ipsa quae voluptas natus ut suscipit soluta quia quidem,4
8,Nicholas Runolfsdottir V,Maxime_Nienow,id nihil reprehenderit,6
8,Nicholas Runolfsdottir V,Maxime_Nienow,cupiditate sapiente maiores iusto ducimus cum excepturi veritatis quia,2
4,Patricia Lebsack,Karianne,voluptas neque et sint aut quo odit,6
4,Patricia Lebsack,Karianne,reiciendis dolores a ut qui debitis non quo labore,3
4,Patricia Lebsack,Karianne,adipisci laborum fuga laboriosam,2
4,Patricia Lebsack,Karianne,est placeat dicta ut nisi rerum iste,1
4,Patricia Lebsack,Karianne,nihil cupiditate voluptate neque,3
4,Patricia Lebsack,Karianne,et impedit nisi quae magni necessitatibus sed aut pariatur,4
4,Patricia Lebsack,Karianne,iste eos nostrum,3
4,Patricia Lebsack,Karianne,unde a sequi id,3
